timestamp,voltage,temperature
0.0,3.3,25.0
1.0,3.302,25.03
2.0,3.298,25.08
3.0,3.293,25.08
4.0,3.296,25.14
5.0,3.292,25.21
6.0,3.3,25.2
7.0,3.311,25.3
8.0,3.296,25.29
9.0,3.295,25.38
10.0,3.304,25.38
11.0,3.303,25.46
12.0,3.301,25.48
13.0,3.293,25.49
14.0,3.3,25.58
15.0,3.72,25.63
16.0,3.75,25.64
17.0,3.74,25.67
18.0,3.285,25.72
19.0,3.29,25.74
20.0,3.285,25.82
21.0,3.298,25.83
22.0,3.29,25.88
23.0,3.302,25.9
24.0,3.301,25.95
25.0,2.95,25.97
26.0,2.97,26.07
27.0,3.296,26.08
28.0,3.3,26.14
29.0,3.301,26.16
30.0,3.288,26.19
31.0,3.296,26.23
32.0,3.292,26.27
33.0,3.294,26.32
34.0,3.308,26.35
35.0,3.31,26.39
36.0,3.31,26.41
37.0,3.31,26.46
38.0,3.31,26.55
39.0,3.31,26.55
40.0,3.31,26.58
41.0,3.31,26.65
42.0,3.29,26.71
43.0,3.301,26.69
44.0,3.311,26.76
45.0,3.288,26.79
46.0,3.307,26.8
47.0,3.301,26.89
48.0,3.295,26.92
49.0,3.316,26.96
50.0,3.306,26.98
51.0,3.29,27.05
52.0,3.301,27.07
53.0,3.305,27.12
54.0,3.298,27.14
55.0,3.305,27.18
56.0,3.299,27.27
57.0,3.305,27.27
58.0,3.312,27.33
59.0,3.295,27.36
60.0,3.302,27.39
61.0,3.296,27.43
62.0,3.301,27.49
63.0,3.291,27.51
64.0,3.295,27.56
65.0,3.298,86.0
66.0,3.307,86.2
67.0,3.309,86.4
68.0,3.289,86.6
69.0,3.294,86.8
70.0,3.305,27.77
71.0,3.284,27.86
72.0,3.296,27.9
73.0,3.299,27.92
74.0,3.31,27.97
75.0,3.306,28.02
76.0,3.297,28.06
77.0,3.297,28.1
78.0,3.298,28.11
79.0,3.312,28.19
80.0,3.297,30.0
81.0,3.298,34.0
82.0,3.303,38.0
83.0,3.299,42.0
84.0,3.298,46.0
85.0,3.291,50.0
86.0,3.3,28.42
87.0,3.296,28.45
88.0,3.309,28.54
89.0,3.305,28.54
90.0,3.3,28.6
91.0,3.305,28.66
92.0,3.297,28.65
93.0,3.308,28.68
94.0,3.3,28.77
95.0,3.305,28.8
96.0,3.29,28.84
97.0,3.303,28.88
98.0,3.286,28.9
99.0,3.284,28.93
105.0,3.295,29.21
106.0,3.302,29.22
107.0,3.304,29.27
108.0,3.299,29.3
109.0,3.298,29.34
110.0,3.306,29.4
111.0,3.304,29.42
112.0,3.292,29.49
113.0,3.299,29.53
114.0,3.3,29.6
115.0,3.292,29.57
116.0,3.302,29.66
117.0,3.293,29.68
118.0,3.308,29.72
119.0,3.302,29.73
